{"cameraMode":{"drawMode":0,"name":"Shaded","section":"Shading Mode"},"sceneLighting":true,"audioPlay":false,"sceneViewState":{"m_AlwaysRefresh":false,"showFog":true,"showSkybox":true,"showFlares":true,"showImageEffects":true,"showParticleSystems":true,"showVisualEffectGraphs":true,"m_FxEnabled":true},"in2DMode":false,"pivot":{"x":-6.361611366271973,"y":-21.814987182617189,"z":23.85890007019043},"rotation":{"x":0.3768046796321869,"y":-0.10113110393285752,"z":0.041426725685596469,"w":0.9197885394096375},"size":22.349830627441408,"orthographic":false}